year,block,treatment,timing,sqrt_audpc,posterior_predictive_mean,pi90_low,pi90_high,pi95_low,pi95_high,covered_90,covered_95
2017,I,Curzate,Early,11.135079703351925,16.48059941271111,2.976328332231325,29.256228064528745,-1.0258101563853668,32.352577184122005,True,True
2017,II,Curzate,Early,10.743835441777764,16.495933911474232,2.3584242227148673,29.463540513981627,-1.0992117442081328,32.414850786908836,True,True
2017,III,Curzate,Early,15.358710883404244,16.579773493793432,2.5688700918647243,29.892967351938022,-0.8346753407895804,32.61506002299196,True,True
2017,IV,Curzate,Early,8.0156097709407,16.526781947922284,1.9755934512605449,30.07842981893068,-1.7894132204381366,33.26253681707643,True,True
2017,V,Curzate,Early,11.904620951546505,16.336322064325508,2.2815127385128937,29.37772518657655,-1.4647758645032376,32.32127195688327,True,True
2017,I,FungiPhi,Early,9.534673565466203,18.768377624565666,4.9752514312770995,32.14243350755194,0.17108101744575274,34.18397715884547,True,True
2017,II,FungiPhi,Early,16.119243158411624,18.634027339327226,5.326840202443569,32.37439300966874,1.8876625476840103,35.20543288112198,True,True
2017,III,FungiPhi,Early,15.890248582070704,18.51113583842961,5.280921157906914,32.30969227639832,1.8246464768353463,35.56501178035888,True,True
2017,IV,FungiPhi,Early,10.435037134576953,18.654150254519145,4.978062734105238,32.110779387736294,1.937339013379,34.624296650857396,True,True
2017,V,FungiPhi,Early,9.879271228182775,18.685639015636916,5.401761488240539,33.166021368814874,1.8703327365523537,35.46515989415098,True,True
2017,I,Curzate,Late,15.137370973851436,17.690898617120876,3.4927981157068184,31.048509044963655,0.20460445393829385,34.07441669518353,True,True
2017,III,Curzate,Late,18.9356806056714,17.577447527825974,3.867838644428042,31.302350888255546,-0.5098553983479535,35.11716183832291,True,True
2017,IV,Curzate,Late,11.955333537798099,17.688446022973704,4.431155097489318,31.020212451489996,0.31459018947950174,34.72928047920914,True,True
2017,II,FungiPhi,Late,12.05487453273571,19.90108231824754,6.032194097450674,33.14534798468111,2.4701151102183267,36.54741116062311,True,True
2017,III,FungiPhi,Late,17.535392781457734,19.871220230042052,6.405340886298358,33.57462957091248,2.153737433576393,37.11859355989532,True,True
2017,IV,FungiPhi,Late,12.088837826689545,20.09072619354715,7.028301156041883,33.88932246893772,3.024275564881653,36.25580299257494,True,True
2017,V,FungiPhi,Late,14.664242223858688,19.967427655518794,6.214222127289776,33.709307203791035,3.487047165276694,36.887290674357295,True,True
2017,I,Revus,Late,11.165572085656875,18.01392276769212,3.653654806958447,31.485388006356292,0.38990514297189816,33.98530898420257,True,True
2017,II,Revus,Late,12.135073135337915,17.756514033775066,3.352725246238757,31.106063640982654,-0.03942511523056376,33.78916539657045,True,True
2017,III,Revus,Late,11.21918000568669,17.792997836232843,4.1946702627503765,31.02287570158025,-0.5186964713180828,34.964024019225725,True,True
2017,IV,Revus,Late,14.284257068535275,17.91283551384669,3.1217140981997837,31.00808680354937,0.4274100572113815,34.91996575215321,True,True
2017,V,Revus,Late,16.28619046922883,17.800195978531825,3.7995651790830265,30.975211889485653,-0.051794912798581096,34.42639494345866,True,True
2017,I,Ranman,Late,16.529367804002668,19.464791282237787,5.279720603081424,33.06465777437701,1.490744307400552,35.39758064283046,True,True
2017,II,Ranman,Late,14.866068747318506,19.166211687312362,5.193474229044901,32.354101824766786,1.2744826187173235,35.46428114739203,True,True
2017,III,Ranman,Late,15.989058759038945,19.219032429379876,5.585270574875782,32.664179858351886,0.7685560864397276,36.90359892897477,True,True
2017,IV,Ranman,Late,12.23805540108395,19.340346864113325,5.2717109645258935,33.471700606394194,1.1770780097245221,35.82156672692175,True,True
2017,V,Ranman,Late,14.7600813005891,19.199900473514163,5.317607325153271,32.61433850008382,1.6327349129228335,35.35564237769547,True,True
2017,I,Revus,Early,15.564061166674977,16.98119098760426,3.48095560469633,30.412411483253827,-1.3478811677138747,33.04098635452442,True,True
2017,II,Revus,Early,13.757179943578553,16.809059811894134,2.66252281058643,30.016251365421972,-1.0781638171296544,33.484945556435704,True,True
2017,III,Revus,Early,11.939430472179149,16.94504416735595,2.7457539683787426,31.11884987252402,-0.69703051521949,34.094540548232864,True,True
2017,IV,Revus,Early,13.051053597315429,16.82335757358747,2.4398774680724054,30.4400774486501,-0.2849670254790383,33.753219017703955,True,True
2017,V,Revus,Early,11.39912277326637,16.74461313299465,2.958151287138111,29.969618869173544,-1.6055888270217737,33.32109664200337,True,True
2017,I,Ranman,Early,14.496551314019483,17.76626474535477,3.741323203311404,30.480424687697987,0.26491355343656114,32.49146352734499,True,True
2017,II,Ranman,Early,16.345335726133005,17.458757774937784,3.323606495908327,31.15926644348689,-0.301891594190567,33.62533340775545,True,True
2017,III,Ranman,Early,16.04805284138858,17.564372763574852,3.4171536886044693,30.796946882715016,-0.19743611459810842,33.017671574652454,True,True
2017,IV,Ranman,Early,12.302845199383759,17.760204829101866,3.506687005952159,30.655777550209837,0.7648578971615092,34.220109354719135,True,True
2017,V,Ranman,Early,15.796835126062435,17.61201812177757,3.9885914191096408,30.90329152619176,0.4717686135403071,32.95845474323971,True,True
2018,I,Curzate,Early,7.7012985917960615,18.591950049618767,6.878478479717894,30.268902714663856,4.695554901935988,31.57012161852897,True,True
2018,II,Curzate,Early,10.085633346498375,18.79983329095873,7.622011497460351,30.137580544447744,4.984381496797524,32.45184656373308,True,True
2018,III,Curzate,Early,8.4,18.58942970755157,7.359833117917486,29.890978387860486,4.86357061559119,31.542044042117347,True,True
2018,IV,Curzate,Early,6.9144775652250114,18.765581380326676,7.330044413462974,30.44820081481627,4.689163124003553,32.79465533319938,False,True
2018,V,Curzate,Early,4.1085277168348275,18.639708536988127,6.642019291939021,29.949179606039824,4.983636544792488,31.983755369770332,False,False
2018,I,FungiPhi,Early,10.697663296253065,19.713937255314807,8.026816716306659,31.15756235775593,5.12782080107597,33.29267363831724,True,True
2018,II,FungiPhi,Early,10.206370559606388,19.843864721388076,8.338899655006177,30.76223813270574,4.747185160710082,33.47972670042793,True,True
2018,III,FungiPhi,Early,11.431972708154966,19.668383507664085,8.046652908267827,31.03350390867778,5.919477657502516,33.49588382932222,True,True
2018,IV,FungiPhi,Early,13.009611831257688,19.739583339882483,7.930453507909341,31.093653073305795,5.406637874685041,34.838931519068545,True,True
2018,V,FungiPhi,Early,9.297311439335568,19.703903593310777,7.699291911582692,31.05684620350108,5.111029556730555,33.313831113999484,True,True
2018,I,Curzate,Late,6.6332495807108,19.9732740639477,8.352179588006242,31.837816930258967,5.333102940513063,34.119593622465686,False,True
2018,II,Curzate,Late,12.193030796319674,19.97198941066845,8.193960576067063,31.50858059134764,5.353500481143459,34.204889847968865,True,True
2018,III,Curzate,Late,8.608716512930368,20.061844379671765,9.323288368445596,31.47654942260955,6.066997599772573,33.79451210300665,False,True
2018,IV,Curzate,Late,10.225458424931373,19.990959178921546,8.44665745767194,31.578641185777684,5.346280720296687,34.01551711176866,True,True
2018,V,Curzate,Late,8.373171442171717,19.92146003065695,8.164019306160112,31.71463538579404,6.058646416488951,33.139395869117486,True,True
2018,I,FungiPhi,Late,13.152946437965905,20.60365548005294,9.204619867407748,32.11666164655801,5.72493426182221,34.44974081680221,True,True
2018,II,FungiPhi,Late,15.821820375671063,20.82998579437728,9.238257727373293,31.76673842805558,6.962209087449927,34.13244109011385,True,True
2018,III,FungiPhi,Late,10.585839598255776,20.82800752506255,9.521959192902717,32.008233499965115,6.281975341667509,34.23480407023396,True,True
2018,IV,FungiPhi,Late,16.230834852218784,20.66957708596699,8.611303235868622,32.80255128668819,5.943542451492628,35.6607784547983,True,True
2018,V,FungiPhi,Late,13.14838393111488,20.792251762515516,8.994942535164169,32.50250595714975,6.461158505789145,34.49036960505313,True,True
2018,I,Presidio,Late,20.515603817582363,20.41121796312099,9.133398032328506,32.230058911984734,6.790482133283407,34.8033343134263,True,True
2018,II,Presidio,Late,18.150482087261484,20.479165417576226,9.217265688437529,32.59759665637845,5.621315287390987,35.07367069673867,True,True
2018,III,Presidio,Late,12.147427711248172,20.441342872158263,8.841716788631969,32.13317602548663,6.694762388484972,34.8603825259562,True,True
2018,IV,Presidio,Late,7.699350621968063,20.493191638792283,8.1779330678082,31.550743968184776,5.650297730626149,34.38896444554591,False,True
2018,V,Presidio,Late,11.072939989000211,20.35723033547064,8.398961546271066,31.523507039029898,5.904955869814484,34.13037912310684,True,True
2018,I,Revus,Late,10.645656391223605,19.64294311065048,7.600462264648595,30.760193345489586,5.597291451551172,34.256311229221566,True,True
2018,II,Revus,Late,11.311056537742175,19.70040396231086,8.607620268602204,31.07173892845498,4.554616184854033,33.92598720487897,True,True
2018,III,Revus,Late,7.717512552629895,19.749160003340116,8.963976249764423,31.926782106832597,7.031865727831676,33.5198640665073,False,True
2018,IV,Revus,Late,8.778382538941898,19.59886207603968,8.17234977297573,30.60186913875562,4.884922915108204,33.781204309988084,True,True
2018,V,Revus,Late,8.608716512930368,19.798654396883954,8.433472486425963,30.939656682025618,5.875595671732301,34.36002351224622,True,True
2018,I,Ranman,Late,13.038404810405298,21.187562742266735,10.002916629574226,32.63770547172986,6.69579226025689,35.82793458899297,True,True
2018,II,Ranman,Late,13.260090497428742,21.20175591041056,9.90070516976303,32.48699596728245,7.000246821984504,34.55935863123445,True,True
2018,III,Ranman,Late,7.464583042608609,21.129282342919968,9.464466403256264,32.055452808785695,7.863845888826666,35.31179281395083,False,False
2018,IV,Ranman,Late,9.509994742374992,20.986555518923666,9.101807750736551,31.917352060701894,6.506471122874769,35.27168629210239,True,True
2018,V,Ranman,Late,8.97552226892675,21.112306527918008,9.298378799639204,32.640199139270294,6.299440990884518,34.57961069768776,False,True
2018,I,Presidio,Early,6.567343450741708,19.276494649038554,7.768185805364146,30.27016537707433,5.519385702436575,33.51005566089371,False,True
2018,II,Presidio,Early,11.229870880824944,19.40708702662461,7.98116337874591,31.266430011372744,5.532142146389486,33.9971186291613,True,True
2018,III,Presidio,Early,11.10045044131093,19.341314910821193,8.46786890069993,30.69091687761198,6.004186254507919,33.18902783125342,True,True
2018,IV,Presidio,Early,8.463450832845902,19.261109863061392,7.1978833347565425,30.796562274939127,4.314685555882205,33.2050782335816,True,True
2018,V,Presidio,Early,7.4793047805260615,19.43025960286735,7.654428756145791,30.878597589191916,5.223604715140689,32.860280769989785,False,True
2018,I,Revus,Early,9.270382947861432,18.8087928247675,7.552158470738954,30.146237194954807,4.928359393318437,32.055819056051874,True,True
2018,II,Revus,Early,9.752435593224904,18.92507108626051,6.615291893189725,29.87003546074782,5.088607212708794,32.127893149474865,True,True
2018,III,Revus,Early,10.176443386566842,18.90348356900841,7.633182509341148,30.430273328182576,4.4486805097163575,33.13154016296342,True,True
2018,IV,Revus,Early,5.21248501196886,18.88594350203814,6.745087077196347,30.142390870065817,4.31870594442269,32.48974211075166,False,True
2018,V,Revus,Early,9.012213934433648,18.980195507356523,7.666628295314782,30.949846160882643,4.716826030151432,33.22168647032579,True,True
2018,I,Ranman,Early,9.890904913100721,19.64985454681873,7.821360281484022,30.298045510032207,5.969667657962487,33.48110562770572,True,True
2018,II,Ranman,Early,16.45539425234169,19.57930592023412,8.04059660168707,30.504759284753288,4.829978293392669,33.829982438188836,True,True
2018,III,Ranman,Early,9.321480569094161,19.498196579306367,7.656589740886139,31.270641084682552,5.592389873323751,33.208665775463025,True,True
2018,IV,Ranman,Early,9.104394543296111,19.536905076533664,8.321396788233343,30.451520036515216,4.991461150185111,33.75909456039834,True,True
2018,V,Ranman,Early,12.784365451597509,19.706087003777057,7.566791280357898,31.300591063305195,5.723876720267087,33.72689958669421,True,True
2020,I,Ranman,Early,24.026651868289928,14.195352837090836,3.9058378266433436,24.66995995226555,0.8201375112363875,26.421360924759448,True,True
2020,II,Ranman,Early,26.487921775783015,14.440406391190116,4.375025693591877,24.74832314496509,0.6264240634761992,26.451539851061746,False,False
2020,III,Ranman,Early,24.99659976876855,14.353256423858237,3.405377528391009,24.24547687110166,1.3157241094270808,26.291901827350287,False,True
2020,IV,Ranman,Early,23.701898658124417,14.357463739128717,3.709827958348679,24.58220213819756,1.2039441358270595,27.247105005119565,True,True
2020,V,Ranman,Early,30.4356698628435,14.474431675679428,3.0676712283349756,24.29543332664841,0.8231806779931611,26.4445487978974,False,False
2020,I,Ranman,Late,27.13853349022382,15.71742030075827,5.265711539107823,25.4341290405765,2.5438512452569526,27.135312641165363,False,False
2020,II,Ranman,Late,25.134040662018514,15.89319380301527,4.737506512043027,26.301240095369195,2.3505748508721838,27.987082263402428,True,True
2020,III,Ranman,Late,25.149552679918582,16.09893980437161,5.180782043102371,25.964486590055248,2.880869032066706,27.41953956490868,True,True
2020,IV,Ranman,Late,28.987583548823107,16.034885753267005,5.143552669720828,26.739203287037938,2.5715254118225097,28.574845305366747,False,False
2020,V,Ranman,Late,28.9846511105447,15.990545633755055,5.98301471246696,25.639505750308885,2.6982004225917544,27.72267380467043,False,False
2020,I,Revus,Early,24.69473628124018,13.116135760051336,2.7174815046562677,23.2040623929901,-0.3778552650389197,24.917556766470618,False,True
2020,II,Revus,Early,25.026585863836882,13.188468466778296,2.978926033215953,23.29080028616863,0.5764806722646633,25.618619617000018,False,True
2020,III,Revus,Early,28.643323829472028,13.38113877652273,2.5742020691953225,23.902469196663574,0.14383718253262373,26.137959897027894,False,False
2020,IV,Revus,Early,24.246443038103546,13.231678906491593,2.521208035179812,23.929343292760986,0.42771018268068633,26.049174529040748,False,True
2020,V,Revus,Early,25.665541100861287,13.323651447654909,2.5157262891105483,23.579131961763604,1.024455759526478,26.286715923457933,False,True
2020,I,Revus,Late,24.742069436488126,14.169386936390499,3.4515608065298378,24.152052512476768,0.6240613994095787,26.648050122119265,False,True
2020,II,Revus,Late,23.488720697390058,14.60002706089825,3.6550103563050027,25.63651023012363,1.2454489515335891,27.21907501232435,True,True
2020,III,Revus,Late,27.035902056339825,14.577909852770777,3.991292603245185,24.94851971406598,1.6573866343031927,27.43265079569481,False,True
2020,IV,Revus,Late,24.423349483639626,14.305646066998088,3.475723302498953,25.045568551417542,1.2578793368640546,26.9101793810348,True,True
2020,V,Revus,Late,25.590818666076316,14.595731758259415,3.8977602644277205,24.627504272076415,2.0748821603841816,27.208378262736986,False,True
2020,I,Curzate,Early,23.107141753146365,12.771919056815218,2.5245247163084406,22.224796295010293,-0.6083413619278356,25.042767254733402,False,True
2020,II,Curzate,Early,24.906424873915565,13.147002004653736,2.370191134172096,23.938228299488927,-0.48062052006277,26.267921745743404,False,True
2020,III,Curzate,Early,24.706072128122674,12.993469370770711,2.472824994200705,23.08829955383085,0.302320256154516,25.415766344771818,False,True
2020,IV,Curzate,Early,25.91215930793881,12.949186692507249,1.833875120717172,23.70100930291351,0.03897266831769587,25.595361105084315,False,False
2020,V,Curzate,Early,22.815784010197852,12.98624907511242,2.7299202864042655,23.177721408762704,0.21201789470128063,25.223154974285638,True,True
2020,I,Curzate,Late,24.77458375028731,14.33645040759647,3.3847752324140776,24.1923727337077,1.593810653379106,26.604395965290646,False,True
2020,II,Curzate,Late,24.954358336771556,14.471348021584568,3.753133237485658,24.430818776531506,1.606021330987642,26.657731010431426,False,True
2020,III,Curzate,Late,28.52577781586332,14.73088618727116,4.568923780893673,24.684734541117827,2.1850392896008657,27.09211199919586,False,False
2020,IV,Curzate,Late,24.05659992600783,14.311855115894026,4.151734602721294,24.78563882733888,1.1118581834641925,27.07437987999245,True,True
2020,V,Curzate,Late,25.350936866317188,14.556485177771608,3.855868010410038,24.733926096035145,1.6621866200204374,26.128241074909198,False,True
2020,I,FungiPhi,Early,26.340652991146595,14.64154375844696,3.486808385937472,24.970554484638452,1.7647372428459056,26.798512480798355,False,True
2020,II,FungiPhi,Early,26.007498918581156,14.944166605671958,4.295984103304482,25.247019109862052,1.4387257073014779,27.2792881270779,False,True
2020,III,FungiPhi,Early,24.881921147692758,14.82375354674807,4.1055507928904555,25.052096956927226,1.778384972054493,27.771999818646957,True,True
2020,IV,FungiPhi,Early,27.350685548994928,14.930747780875063,4.862670259335151,25.246811400099084,1.4110877343966712,26.977321642082217,False,False
2020,V,FungiPhi,Early,24.36985843208778,15.038516551465177,3.8604892364229455,24.81008345157691,1.7654992014051225,27.229239293510826,True,True
2020,I,FungiPhi,Late,24.682382380961528,16.537696947339192,6.175473576981604,27.174900708823024,3.1855843425327044,29.043095977007624,True,True
2020,II,FungiPhi,Late,29.641356244274654,16.754804231337403,5.79462232209397,26.51593541374449,3.2489988545850395,28.654407701464148,False,False
2020,III,FungiPhi,Late,22.452394081700955,16.93702214704534,6.095947851210832,26.624568698090084,4.940591969631928,29.58262746994459,True,True
2020,IV,FungiPhi,Late,24.39938523815713,16.746782615971444,6.3900133741695075,26.87720591189676,4.6613343193002175,27.943214841825746,True,True
2020,V,FungiPhi,Late,24.452811699270907,16.7926729991161,6.875645519090984,26.557098496706764,4.1623277812219825,28.1200300123107,True,True
2020,I,Presidio,Early,21.534158910902466,13.944963294442266,2.813180810652485,24.156547884639483,0.3551468838192219,26.737061230734582,True,True
2020,II,Presidio,Early,27.467071194432073,14.191518849732027,3.859320047338368,24.78034119280153,1.3036599008863767,26.024298761896592,False,False
2020,III,Presidio,Early,24.636152296980146,14.438954133219102,3.3914368302142552,24.301912597370823,1.7284552659167536,26.716257902391295,False,True
2020,IV,Presidio,Early,29.70134677081159,14.042295432655703,4.00405933445279,24.26404866801782,1.6847234917252554,26.03619105044292,False,False
2020,V,Presidio,Early,22.90807717814832,14.49694705891236,3.7088838666729496,24.802345076549,1.6976605874907247,27.325031217981586,True,True
2020,I,Presidio,Late,22.669142021699894,16.041215766293845,5.298972087254844,26.233274663434297,3.8202908675510394,28.03356598969958,True,True
2020,II,Presidio,Late,29.401360512738183,15.96870197650647,4.958565824189486,26.318100075577544,2.446219811314323,27.591342973817067,False,False
2020,III,Presidio,Late,29.633933252270108,16.139187319876612,5.754210708064358,25.927979551891262,2.620610738517104,28.277083659278823,False,False
2020,IV,Presidio,Late,26.04265731449078,15.886323969969846,5.8553523235044596,26.444129747417954,2.9550480156274768,27.84782503638862,True,True
2020,V,Presidio,Late,26.618790355686713,16.14271910956388,5.473056346380382,26.541180927610423,2.8752047087220807,28.735575568578703,False,True
2021,I,Ranman,Early,16.117692142487396,17.011471768861224,3.1656447063426887,30.88775092137821,-1.1886117791084856,35.50244661834498,True,True
2021,II,Ranman,Early,14.05560386465128,17.17829654590054,3.474537313011408,31.1590360028204,-0.5003072132456494,35.42039359832013,True,True
2021,III,Ranman,Early,17.28207163507894,17.260760716018886,3.2386577321476127,31.448741644599053,-0.26132210126281186,34.98756076243145,True,True
2021,IV,Ranman,Early,21.95950819121412,17.248176361648692,3.205473039839122,31.22350400977617,-0.37849221872670247,34.971152337678014,True,True
2021,V,Ranman,Early,17.438749955200343,17.14984966994055,3.505741125795127,31.46263685672625,-0.41034582673211356,35.132519682696696,True,True
2021,I,Revus,Early,15.677372228788855,15.938198105907727,2.2386514136523643,29.952282891962582,-0.8015148975945705,33.88985223025671,True,True
2021,II,Revus,Early,14.65162107072115,15.940077293473538,1.853555215686246,29.950933086162447,-0.999994423906587,33.530453141821305,True,True
2021,III,Revus,Early,22.70836850150182,15.974315552806052,1.4220495188797933,30.421061190527574,-1.6756749627297614,33.95704740576586,True,True
2021,IV,Revus,Early,19.46227119326005,15.73874159128718,1.8197631454264418,29.687628712243917,-2.629845865236903,32.51916009325573,True,True
2021,V,Revus,Early,17.39425192412712,15.755890320048934,2.1966701070555827,29.812892255048812,-2.0938674104748984,33.31135479200338,True,True
2021,I,Ranman,Late,20.73909351924524,17.81449940220344,4.479904970228936,31.25973568006136,0.3690480454987718,35.000049137920975,True,True
2021,II,Ranman,Late,24.21652328473268,17.88092544778739,3.967466829266516,32.38580974107201,0.8720650828690873,35.520275021506684,True,True
2021,III,Ranman,Late,20.493901531919196,17.78035206408211,4.39083592443432,31.90132366391614,1.3713544933375723,35.28603848693958,True,True
2021,IV,Ranman,Late,21.799541279577422,17.9099495701711,4.1262323468588855,31.509564398283896,1.6434655906077928,34.6144237647142,True,True
2021,V,Ranman,Late,24.897590244840966,17.823903597897417,3.4397411598773484,31.538631611895106,1.114951987373933,34.65434486122225,True,True
2021,I,Revus,Late,17.572137035659605,15.994305309407821,2.231405262002615,29.830564017028465,-1.4301374465648529,32.87548283648761,True,True
2021,II,Revus,Late,18.976564494133285,16.266596771832806,2.627979989390362,30.3347200156456,-1.4124700588503858,34.949987386419,True,True
2021,III,Revus,Late,21.72809241512011,16.202962391083634,1.7367825729480517,30.794712540689453,-1.3737975022728897,33.89901208925391,True,True
2021,IV,Revus,Late,22.55371366316421,16.093058270382972,1.7326576887388572,29.960525472940386,-1.5843643545324473,32.53405715235636,True,True
2021,V,Revus,Late,21.330729007701542,16.097836232367204,2.6046558377344,30.08980465485097,-1.0355734502692928,33.49846381754438,True,True
2021,I,Curzate,Early,15.923567439490435,14.957166415178651,0.23306551302573225,28.51491384867414,-2.2257275219086874,31.064044156405178,True,True
2021,II,Curzate,Early,15.326121492406354,14.973259749797396,1.5188314589898242,29.23138827597933,-2.9699247070505925,32.375810043515436,True,True
2021,III,Curzate,Early,22.275996049559716,14.847673249582897,0.49545154644050665,28.88269951488848,-2.8051438528491293,31.783308910428545,True,True
2021,IV,Curzate,Early,22.380571931923456,14.85570985189934,0.5952177427431535,29.23435866719583,-2.8698485180851208,32.1579251002997,True,True
2021,V,Curzate,Early,20.417884317431128,14.804532375585147,0.6848078469675097,29.136717918519174,-2.5012503681069074,32.094341422825565,True,True
2021,I,Curzate,Late,17.146428199482248,16.588891031202845,2.6031574440018797,30.226734356211068,-0.6998415119964374,34.29738024097099,True,True
2021,II,Curzate,Late,17.72625171884908,16.549544536925932,2.534785633202115,30.62785427009304,-1.9259800154117592,34.20735253783681,True,True
2021,III,Curzate,Late,21.85314622657342,16.58011371985763,2.243377633847675,31.149056380671055,-1.426230531094468,33.98742404412568,True,True
2021,IV,Curzate,Late,20.110693672770218,16.446312470330234,1.9046300897181607,30.424139981577625,-1.693153274140755,33.95243315902666,True,True
2021,V,Curzate,Late,21.92418755621289,16.539745218962654,2.917748123228621,30.940815666145525,-0.28085249493369074,33.31519372730956,True,True
2021,I,FungiPhi,Early,24.08775622593354,16.470385164420282,2.9072980251218485,31.2315063579294,-1.296491098419751,33.76813688536188,True,True
2021,II,FungiPhi,Early,18.30901417335188,16.37959128839757,1.5941900347498907,30.554963728316455,-0.7877049903950492,34.027179168945615,True,True
2021,III,FungiPhi,Early,19.79898987322333,16.410108192959697,3.2286152198125317,30.3773877842496,-1.2585264170851438,34.847333513422136,True,True
2021,IV,FungiPhi,Early,24.29670759588632,16.44297780684237,2.4510369340124534,29.956937747421115,-1.0572398606559403,33.43489522797132,True,True
2021,V,FungiPhi,Early,24.24871130596428,16.51501880983281,2.6064683426058726,30.151165441833342,-0.4047134227815225,34.2779954200325,True,True
2021,I,FungiPhi,Late,19.34192337902309,17.86893867153028,3.903501349655672,31.758619664637834,-1.0517502792736952,34.912079145624425,True,True
2021,II,FungiPhi,Late,24.551578360667566,17.924941734726687,3.2486594352223936,32.21762445698457,1.0916851135732404,35.27960871280243,True,True
2021,III,FungiPhi,Late,22.793858822059946,17.78848708222612,4.117010546614336,31.221533640231808,0.19550523512968412,35.2078302468094,True,True
2021,IV,FungiPhi,Late,23.974569860583525,17.905702467112782,4.159759619679739,31.85640114196901,0.06883628819841697,34.508494498586685,True,True
2021,V,FungiPhi,Late,22.55371366316421,17.95903949809969,3.78585769953709,31.914179135967316,0.4614645023169388,34.77988101332277,True,True
2021,I,Presidio,Early,16.941074346097416,16.269546933876676,2.6481351092150813,29.769799029733438,-1.0854179161653819,33.88950826328837,True,True
2021,II,Presidio,Early,21.746034121190924,16.23242759138976,2.0223948042106485,30.171601880904124,-1.5363302792514597,32.75774243494357,True,True
2021,III,Presidio,Early,17.72625171884908,16.222203193857652,2.6106998341754255,30.934129291209125,-1.0937937895417318,32.985110444884306,True,True
2021,IV,Presidio,Early,25.284975776140264,16.368227061834627,2.1262480521126137,30.569713801247175,-1.6814120723328956,33.19721615992133,True,True
2021,V,Presidio,Early,19.261360284258224,16.18522298892206,2.0615559493744624,30.009716601349968,-0.6210620846463607,33.40249955125606,True,True
2021,I,Presidio,Late,12.59642806513021,18.4926425448934,4.8108296972822915,32.7414377558646,0.8478783804510684,35.66829730559153,True,True
2021,II,Presidio,Late,22.77674252389924,18.76116295680869,4.631955934021563,32.675929446242414,1.689023042065691,36.18973219676641,True,True
2021,III,Presidio,Late,23.86063704095094,18.748282868162406,5.1010492176844435,33.04755464414838,0.8029216966662595,35.81893610246905,True,True
2021,IV,Presidio,Late,18.095303258028036,18.785098871639484,5.171749410326714,32.81956888978975,1.8250649342355063,35.983113519896555,True,True
2021,V,Presidio,Late,22.06558406206371,18.64815665267504,5.202470795138193,32.43820906649893,2.3031197730168143,34.27002921421355,True,True
