year,block,treatment,timing,sqrt_audpc,posterior_predictive_mean,posterior_predictive_median,pi90_low,pi90_high,pi95_low,pi95_high,covered_90,covered_95
2017,I,Curzate,Early,11.135079703351925,11.929425917299906,11.932673869053236,7.412171752105413,16.23797543581832,6.784840637221471,16.99240748000221,True,True
2017,II,Curzate,Early,10.743835441777764,11.975925395075645,11.975506206209559,7.60989262871369,16.595808585229484,6.726806228823819,17.380506593727617,True,True
2017,III,Curzate,Early,15.358710883404244,13.169270499683714,13.168397214016863,8.839694235964375,17.456635065905065,8.191443303202458,18.148823588308076,True,True
2017,IV,Curzate,Early,8.0156097709407,10.809054649732856,10.669822051666689,6.637778361204759,15.19039777930954,5.934107522319814,16.18649382380814,True,True
2017,V,Curzate,Early,11.904620951546505,12.02383961214755,11.965915135411702,7.62000246870976,16.259620577308603,6.984972563066788,17.44571070170374,True,True
2017,I,FungiPhi,Early,9.534673565466203,13.917271938782175,14.042513304702041,9.709539112440227,17.908121106849034,8.998617197152322,18.569988450294616,False,True
2017,II,FungiPhi,Early,16.119243158411624,13.80304140491362,13.895887665986116,9.644618999659794,17.91941408354959,8.880716123925799,18.67577063765522,True,True
2017,III,FungiPhi,Early,15.890248582070704,15.002506240945507,14.970122809924874,10.989808117271489,19.39874057918965,9.8922255698389,20.198972635801155,True,True
2017,IV,FungiPhi,Early,10.435037134576953,12.65383432913743,12.662377065870022,8.398994328867113,16.97265598643675,7.793919957673515,17.763366394413612,True,True
2017,V,FungiPhi,Early,9.879271228182775,13.703172522424186,13.782115881261603,9.302463134036582,17.946766231169935,8.280724434778703,18.92906964080214,True,True
2017,I,Curzate,Late,15.137370973851436,13.41784826482358,13.441795595858412,9.191794329921443,17.686790307094867,8.39103297398604,18.396030764036716,True,True
2017,III,Curzate,Late,18.9356806056714,14.471506089200174,14.5355972317573,10.262224022659137,18.54523459830745,9.608359655724067,19.273094522650858,False,True
2017,IV,Curzate,Late,11.955333537798099,12.155270792880422,12.176432648232977,8.012398022998509,16.481357441304663,7.268491344874644,17.30093750456394,True,True
2017,II,FungiPhi,Late,12.05487453273571,15.39643056616932,15.459279503725885,11.213205075617314,19.307195157641534,10.355259052350743,19.9105609911455,True,True
2017,III,FungiPhi,Late,17.535392781457734,16.294329191559456,16.374991803281873,12.029574966800714,20.781295620419947,11.050840160004377,21.607318669937705,True,True
2017,IV,FungiPhi,Late,12.088837826689545,13.941067681019012,14.011839369571538,9.525794695440904,18.19389030983216,8.776943917703399,19.032880001125086,True,True
2017,V,FungiPhi,Late,14.664242223858688,15.116463825220029,15.252439438798534,10.67041306302107,19.413750124471186,9.888613723189573,20.181112862817745,True,True
2017,I,Revus,Late,11.165572085656875,13.379589311945145,13.393802152981833,8.772521068749795,17.778078531457368,8.145091976935062,18.609580315968497,True,True
2017,II,Revus,Late,12.135073135337915,13.332664423707733,13.419452400651066,9.02096310961608,17.45571878389061,8.376786522959385,18.282078024846353,True,True
2017,III,Revus,Late,11.21918000568669,14.484054894566746,14.506358803374582,10.200859409829887,18.883250348123156,9.296233738071754,19.75554616289044,True,True
2017,IV,Revus,Late,14.284257068535275,12.039040223788742,12.045246304021308,7.410077170367758,16.52422477684822,6.476094249495578,17.15660428808947,True,True
2017,V,Revus,Late,16.28619046922883,13.163204747459025,13.208742325385682,8.847543357183575,17.563943215340224,7.948033721075725,18.140790731380285,True,True
2017,I,Ranman,Late,16.529367804002668,14.928707689516635,15.020120043531842,10.708769294335838,19.0117972262225,9.876203754751153,19.669014367683758,True,True
2017,II,Ranman,Late,14.866068747318506,14.945607865521948,14.902087172674381,10.595953574791707,19.413737548130115,9.868116902923347,20.102408041499338,True,True
2017,III,Ranman,Late,15.989058759038945,16.143089901250097,16.017784330107375,11.646085888220226,20.518469001179323,10.70087312499352,21.431247759477166,True,True
2017,IV,Ranman,Late,12.23805540108395,13.631366814981034,13.697635356171874,9.482306426005094,17.638754548037515,8.60262003010817,18.68312897055485,True,True
2017,V,Ranman,Late,14.7600813005891,14.881344668490591,14.887990197428048,10.675984020746206,19.063204130911757,9.8501930305692,19.872872193603975,True,True
2017,I,Revus,Early,15.564061166674977,12.423927656882052,12.419122710294776,7.935543198609368,16.78274864842429,6.9068241297783395,17.591596839666018,True,True
2017,II,Revus,Early,13.757179943578553,12.636277382338504,12.669720257516769,8.20354318779486,16.691093869360916,7.427022758122831,17.5394432438688,True,True
2017,III,Revus,Early,11.939430472179149,13.674521484069254,13.597081665831276,9.58894038547388,17.77106453440941,8.74304250835506,18.76056183163897,True,True
2017,IV,Revus,Early,13.051053597315429,11.260002492735987,11.226903573843472,7.024023514600846,15.499664362975288,6.111598285409774,16.383180858264783,True,True
2017,V,Revus,Early,11.39912277326637,12.480110679752364,12.392784792694766,8.337739655138252,16.811678606503477,7.359667540955447,17.76601373902844,True,True
2017,I,Ranman,Early,14.496551314019483,13.535183815064306,13.552491098024074,9.38252664974859,17.903434120522533,8.253508241354796,18.6320904888922,True,True
2017,II,Ranman,Early,16.345335726133005,13.602286882812209,13.6110142045945,9.514080017861144,18.01340583826704,8.378394323384022,18.561878605402438,True,True
2017,III,Ranman,Early,16.04805284138858,14.573753116789836,14.636006585240791,10.275400424514144,18.83371073450452,9.68775218274799,19.838933326544243,True,True
2017,IV,Ranman,Early,12.302845199383759,12.449869336060212,12.390216946143322,8.41969647911163,16.740008092957815,7.435303290648847,17.422365040596123,True,True
2017,V,Ranman,Early,15.796835126062435,13.4360089484911,13.479068550926772,8.888709126472618,17.70869246371748,8.243687696548024,18.37381714738489,True,True
2018,I,Curzate,Early,7.7012985917960615,9.008195443983169,8.979572101879985,5.170320682299484,12.945446348831554,4.397414102845634,13.703211371267853,True,True
2018,II,Curzate,Early,10.085633346498375,10.655842497767855,10.547010646182184,6.415728530993969,14.960260113715456,5.339547210838871,15.830346345268936,True,True
2018,III,Curzate,Early,8.4,8.20383353765372,8.184436249077553,3.9691457736191604,12.513885384026572,2.984895338580126,13.391831238418066,True,True
2018,IV,Curzate,Early,6.9144775652250114,8.152359854533458,8.116345580269282,3.795687263150921,12.293595717190913,3.0646833750223843,13.0543717189059,True,True
2018,V,Curzate,Early,4.1085277168348275,8.101680536935667,8.089373937482485,3.8977332923068926,12.618381535903058,2.964820853075305,13.440935101300076,True,True
2018,I,FungiPhi,Early,10.697663296253065,10.875004051893137,10.831518459102275,6.729128918242176,15.076034984335529,5.808683638999173,15.806222062577051,True,True
2018,II,FungiPhi,Early,10.206370559606388,12.370665703572177,12.374997938493943,8.120672310843494,16.511968000262115,7.2925506861954075,17.293993381259,True,True
2018,III,FungiPhi,Early,11.431972708154966,10.062318787254341,9.977998698662596,5.960047116722636,14.328370636569073,5.33435676053779,15.155509092154226,True,True
2018,IV,FungiPhi,Early,13.009611831257688,9.945444601604517,9.920731871205163,5.727187299048062,14.149731682839432,5.12640464410441,14.81555258909626,True,True
2018,V,FungiPhi,Early,9.297311439335568,9.898930019167581,9.939373319966098,5.828992005072998,13.873620573296936,5.086860584670283,14.637695251540334,True,True
2018,I,Curzate,Late,6.6332495807108,10.352396482861723,10.30504063182203,6.191694614312044,14.479686418576106,5.268361030420553,15.271266957322853,True,True
2018,II,Curzate,Late,12.193030796319674,11.977205021120138,12.039911935019008,7.567357623755238,16.025375600518284,6.811215322742163,16.874413244721367,True,True
2018,III,Curzate,Late,8.608716512930368,9.669040668831741,9.710505326556437,5.535932597845795,13.736617637127978,4.469044870070188,14.430294515608926,True,True
2018,IV,Curzate,Late,10.225458424931373,9.421708998318765,9.418607146161968,5.207119183640666,13.622184355690809,4.444219482591011,14.513353965057735,True,True
2018,V,Curzate,Late,8.373171442171717,9.361641248875632,9.403621917364084,5.020117459087414,13.532448904769524,4.5076542583617565,14.378433221729088,True,True
2018,I,FungiPhi,Late,13.152946437965905,12.363460533772344,12.354396234247867,8.122266031760502,16.41194170859426,7.440183727972496,17.45030649881384,True,True
2018,II,FungiPhi,Late,15.821820375671063,13.667014214834444,13.652717116893164,9.547585559724595,17.844758322452865,8.763681727798032,18.524637760982152,True,True
2018,III,FungiPhi,Late,10.585839598255776,11.418151016956088,11.486501899732119,6.7985935546333796,15.601203473472879,6.1097604115852695,16.49241862098408,True,True
2018,IV,FungiPhi,Late,16.230834852218784,11.38062103658388,11.358207064937613,7.381774361816053,15.44764143734586,6.262795886069844,16.645138274110202,False,True
2018,V,FungiPhi,Late,13.14838393111488,11.122428412070054,11.124101364775534,6.754544152638986,15.383298881305965,5.923882346852462,16.290128164376124,True,True
2018,I,Presidio,Late,20.515603817582363,11.935355989018703,11.966614625463501,7.733696589981326,16.286948262599005,6.897007722574094,16.98893377026818,False,False
2018,II,Presidio,Late,18.150482087261484,13.374926914930455,13.317206762730084,9.154930609193698,17.684334591435622,8.11508806858776,18.280496155247164,False,True
2018,III,Presidio,Late,12.147427711248172,11.237183144752018,11.301115073009168,6.786147484565539,15.571336136049652,6.195252724795565,16.619393829791306,True,True
2018,IV,Presidio,Late,7.699350621968063,11.05957188136086,11.040671272575318,6.7244727923434695,15.272640324298782,6.163386625056656,16.214208095080284,True,True
2018,V,Presidio,Late,11.072939989000211,10.881568781273335,10.933351155087111,6.585583628292045,15.073629547001282,5.5839577377579985,15.912337603732029,True,True
2018,I,Revus,Late,10.645656391223605,10.321978874915903,10.358346352809631,6.326828571136027,14.346394385626681,5.441050031015148,15.192179757184574,True,True
2018,II,Revus,Late,11.311056537742175,11.90507913899051,11.783347421363274,7.536218555314026,16.199121031653412,6.7757856345737295,17.37789791874551,True,True
2018,III,Revus,Late,7.717512552629895,9.65583735111649,9.615901246075655,5.686494820073637,14.043750183461569,4.445516098624638,14.63939180238928,True,True
2018,IV,Revus,Late,8.778382538941898,9.346839921579312,9.282925606179392,4.956080982772201,13.711434455159443,4.178922759187644,14.595950318930523,True,True
2018,V,Revus,Late,8.608716512930368,9.393754776783117,9.458965538989533,5.209982418149316,13.492918177205182,4.322296202050245,14.261461348539758,True,True
2018,I,Ranman,Late,13.038404810405298,12.059679317021955,12.051852359623407,8.093017611164054,16.150647094920064,7.119511981190398,17.08305309419122,True,True
2018,II,Ranman,Late,13.260090497428742,13.322337031893472,13.297392757310105,9.087695501006321,17.68858958621349,8.149680289694219,18.303180518667173,True,True
2018,III,Ranman,Late,7.464583042608609,11.04012589978858,11.071694552991701,6.824179869667433,15.22263297999158,6.256837317855494,16.21997382562035,True,True
2018,IV,Ranman,Late,9.509994742374992,10.992219663189209,11.052219518611423,6.861319340939695,15.15270450198439,6.090569719407988,15.75277721300211,True,True
2018,V,Ranman,Late,8.97552226892675,10.78344220799983,10.787562891513595,6.74831335031111,14.962287690818068,5.794307692727004,15.762507372922778,True,True
2018,I,Presidio,Early,6.567343450741708,10.303105294215415,10.315756721512253,6.164274357698145,14.670047948079418,5.3000879659502615,15.185336017696654,True,True
2018,II,Presidio,Early,11.229870880824944,11.730217889008662,11.769348432072743,7.551455331293578,15.900721805778982,6.914472082907924,16.68621776740774,True,True
2018,III,Presidio,Early,11.10045044131093,9.394516416189186,9.452508240153026,5.2448441432309645,13.440232262784626,4.2705744138566955,14.205578274744873,True,True
2018,IV,Presidio,Early,8.463450832845902,9.307310888937403,9.372556682533673,5.041669411030014,13.742213004252113,4.274769148103393,14.459187089458098,True,True
2018,V,Presidio,Early,7.4793047805260615,9.140915857534516,9.128588084127571,5.1230824470868,13.474082773698482,4.151337682338996,14.104433228357614,True,True
2018,I,Revus,Early,9.270382947861432,9.627250454229424,9.57450698668762,5.763326711130373,13.711996092940197,4.93328461303403,14.708884903860175,True,True
2018,II,Revus,Early,9.752435593224904,11.099625735071294,11.013913575110875,6.673585483261783,15.535260321062037,5.64580388904272,16.54009453430363,True,True
2018,III,Revus,Early,10.176443386566842,8.755578889777903,8.756288519880865,4.354845199743201,13.355413714643033,3.676332340593146,13.896693274904925,True,True
2018,IV,Revus,Early,5.21248501196886,8.544753907327834,8.521350313224431,4.150415728273926,12.783982276821863,3.5129931700996333,13.717585979745369,True,True
2018,V,Revus,Early,9.012213934433648,8.463077073159763,8.555010317712934,4.061333479832904,12.850993415886384,3.473796995323097,13.541432351425062,True,True
2018,I,Ranman,Early,9.890904913100721,10.779981255103115,10.852450296219263,6.491519603647597,14.828833777310265,5.6800831240324134,15.48942244747391,True,True
2018,II,Ranman,Early,16.45539425234169,12.13982514402417,12.130744063008205,7.877714706468876,16.353184497866962,7.13652131480778,17.087975133411195,False,True
2018,III,Ranman,Early,9.321480569094161,9.708388616368557,9.681912356337442,5.5360284028969495,13.973215510010624,4.714973781819801,14.904006767975483,True,True
2018,IV,Ranman,Early,9.104394543296111,9.56070403587692,9.61919512200089,5.3039014221966925,13.871070431956605,4.489658517376989,14.727520156659946,True,True
2018,V,Ranman,Early,12.784365451597509,9.349593544475873,9.371666559531253,5.079083352608774,13.516314638490032,4.429692808444251,14.172131014773182,True,True
2020,I,Ranman,Early,24.026651868289928,24.537566337039774,24.54557058029312,20.364075961540554,28.812463483347972,19.15729859650164,29.731333749587346,True,True
2020,II,Ranman,Early,26.487921775783015,25.836498704199414,25.864485574951296,21.721396699185313,29.94372743418759,21.03736262974333,30.74262948242259,True,True
2020,III,Ranman,Early,24.99659976876855,25.740309213398245,25.79204025370691,21.48739162837437,29.692940045077503,20.780548980750968,30.40289898440646,True,True
2020,IV,Ranman,Early,23.701898658124417,25.65348441724169,25.666292094110336,21.49722157986383,30.066725603967082,20.815941239892535,30.806321310137264,True,True
2020,V,Ranman,Early,30.4356698628435,25.617162638611763,25.649058079743163,21.319124304785234,29.710971695553432,20.47270455817267,30.49794495703168,False,True
2020,I,Ranman,Late,27.13853349022382,25.862487996632524,25.81689112834367,21.52448684634673,30.166581647507318,20.795580211026547,31.209822543316353,True,True
2020,II,Ranman,Late,25.134040662018514,27.349798972490184,27.30017608469613,23.38184111464493,31.339192663124624,22.423958879046747,32.16738829827374,True,True
2020,III,Ranman,Late,25.149552679918582,27.060603752357984,27.038140597019385,22.94151872751232,31.05064795535591,22.229452212471966,32.11902735449499,True,True
2020,IV,Ranman,Late,28.987583548823107,27.115169285610826,27.044941908741947,22.70465728191263,31.45270376490919,21.762882136681128,32.28112615029805,True,True
2020,V,Ranman,Late,28.9846511105447,26.855177969326757,26.850938715624405,22.697450785425602,31.14653918447705,21.741462437695038,31.815394538886526,True,True
2020,I,Revus,Early,24.69473628124018,23.566271097387055,23.539498160329327,19.09708444597864,28.03321283147139,18.420259810932926,28.70345626095722,True,True
2020,II,Revus,Early,25.026585863836882,24.881558055475647,24.913079725430936,20.646571167145357,29.110660727667103,19.901005023628326,29.83502629663616,True,True
2020,III,Revus,Early,28.643323829472028,24.652846324868168,24.65684402864613,20.39849447782925,29.189080521809135,19.531235268251212,30.086673011560244,True,True
2020,IV,Revus,Early,24.246443038103546,24.542279502144215,24.462729825290683,20.298181528566147,28.836272862703737,19.25937907125997,29.526066012074455,True,True
2020,V,Revus,Early,25.665541100861287,24.55539372316245,24.500263249584833,20.27165311315997,28.862687400317924,19.536644596802674,29.458200931083645,True,True
2020,I,Revus,Late,24.742069436488126,24.29565243751261,24.277309456950853,20.04922832260117,28.443656638640693,19.104872170323382,29.334803067878305,True,True
2020,II,Revus,Late,23.488720697390058,25.859579647298563,25.813683919445225,21.709477571169145,30.168987890512746,21.048626698683954,31.1941715764581,True,True
2020,III,Revus,Late,27.035902056339825,25.595031389008643,25.587652217980896,21.302598274162083,29.82337042988724,20.523506363835466,30.74420502854503,True,True
2020,IV,Revus,Late,24.423349483639626,25.387971029944048,25.404304191242808,20.99248219564148,29.613855534614657,20.27432477039315,30.535881072170692,True,True
2020,V,Revus,Late,25.590818666076316,25.37948539124566,25.439356927254504,21.232587121175943,29.664396359381747,20.205142213814273,30.431395609108016,True,True
2020,I,Curzate,Early,23.107141753146365,23.10042094590006,23.10200385988159,18.93029403281742,27.357241119544227,18.204972150466237,28.127454961589276,True,True
2020,II,Curzate,Early,24.906424873915565,24.392177832939332,24.384097429004548,20.41786058628309,28.577852167848757,19.366740550029185,29.572441570643193,True,True
2020,III,Curzate,Early,24.706072128122674,24.323312143378736,24.273854439272128,20.136802531856162,28.68826640336507,19.763920316064887,29.310921104191316,True,True
2020,IV,Curzate,Early,25.91215930793881,24.183948296904664,24.190117456115708,19.923257392442515,28.53823374136537,18.92476274688157,29.465902121234453,True,True
2020,V,Curzate,Early,22.815784010197852,23.989699324634827,24.02005667710426,19.778792626939104,28.245221304351503,18.850857334295593,28.855750282416295,True,True
2020,I,Curzate,Late,24.77458375028731,24.334795065321472,24.261882722406135,20.349915929177715,28.427967571470603,19.50761315496547,29.07134955671047,True,True
2020,II,Curzate,Late,24.954358336771556,25.919094647445025,25.952598789892633,21.678953761372874,29.912701729753643,20.795601203560537,30.746430402072725,True,True
2020,III,Curzate,Late,28.52577781586332,25.614094486079228,25.595982010524423,21.51310045460661,30.02787250121257,20.877620730740297,30.86796222450748,True,True
2020,IV,Curzate,Late,24.05659992600783,25.516114158203198,25.512679469204453,21.000671037885873,29.792727029157867,20.297561219192893,30.484462047523124,True,True
2020,V,Curzate,Late,25.350936866317188,25.48077346815346,25.46302897272117,21.508957323029005,29.60944266500505,20.622295991273013,30.279089954759865,True,True
2020,I,FungiPhi,Early,26.340652991146595,24.87306623637648,24.83796117455794,20.554740469949174,29.275478853971357,19.45905916219104,30.091827680487313,True,True
2020,II,FungiPhi,Early,26.007498918581156,26.27687566559999,26.274462172122387,22.130791529609454,30.321542963944566,21.1621650724069,31.41788374612902,True,True
2020,III,FungiPhi,Early,24.881921147692758,26.089527533566077,26.16788980502901,21.70287389272685,30.200851411766074,20.98335576992229,31.37427733756393,True,True
2020,IV,FungiPhi,Early,27.350685548994928,26.024010573312573,25.98565847049659,21.97246909887868,30.172398368287705,21.165826086024545,30.85823035450095,True,True
2020,V,FungiPhi,Early,24.36985843208778,25.793523762027654,25.81308804160814,21.53700656726286,29.97765034015177,20.6989793471909,30.982937208010114,True,True
2020,I,FungiPhi,Late,24.682382380961528,26.098954237729,26.157996331922227,21.81901933890335,30.397611418476647,21.03153288227628,31.140221452069856,True,True
2020,II,FungiPhi,Late,29.641356244274654,27.61382473567279,27.609419833661335,23.3375707058976,31.870810830469157,22.33174164014923,32.641565741316136,True,True
2020,III,FungiPhi,Late,22.452394081700955,27.428956142155823,27.48813609388514,23.099844749980626,31.420620038007826,22.26651726938047,32.05544907097968,False,True
2020,IV,FungiPhi,Late,24.39938523815713,27.218353236553067,27.22483140349173,23.149027167805283,31.420434066407026,22.43861352196699,32.11865498432654,True,True
2020,V,FungiPhi,Late,24.452811699270907,27.18934018026904,27.069614350551255,23.002677076405906,31.396061999461775,22.46211043602508,32.1325704315736,True,True
2020,I,Presidio,Early,21.534158910902466,24.26985889255018,24.314957678975766,19.982015574488006,28.582536463973383,19.117979738842166,29.537151565990673,True,True
2020,II,Presidio,Early,27.467071194432073,25.55033828747122,25.497820651584817,21.315990378393415,30.065888229524457,20.56424390160601,30.78443434265802,True,True
2020,III,Presidio,Early,24.636152296980146,25.425556161708776,25.34260808916732,20.960238279222306,29.950951201534867,20.270455326102464,30.738753800277482,True,True
2020,IV,Presidio,Early,29.70134677081159,25.327601613213144,25.221525847072,20.926904057444496,29.74143246703905,20.357435920533447,30.579777497138426,True,True
2020,V,Presidio,Early,22.90807717814832,25.200023637599145,25.21505848536797,21.07732040511687,29.408728599036102,20.223601470124056,30.09760188346789,True,True
2020,I,Presidio,Late,22.669142021699894,25.921592361323928,25.89152632903488,21.618488471628552,30.190615983321045,20.86337573651193,31.426641840186697,True,True
2020,II,Presidio,Late,29.401360512738183,27.369979318814984,27.41563304929023,23.167065504817636,31.377898350521967,22.308625650677424,32.12916723021208,True,True
2020,III,Presidio,Late,29.633933252270108,27.257409904327176,27.246956383382567,22.92712960508625,31.456834503640085,22.15358996261646,32.30725733451291,True,True
2020,IV,Presidio,Late,26.04265731449078,27.094798148415254,27.119827712707426,23.008217784091418,31.386794857011065,22.17595852706907,32.407959797642846,True,True
2020,V,Presidio,Late,26.618790355686713,26.89646659231201,26.885189281692227,22.64761398524513,31.17874053551553,21.783175160552304,31.940636328760217,True,True
2021,I,Ranman,Early,16.117692142487396,18.140414731552106,18.177481451014096,13.98731956212986,22.355972501158067,13.287301999816552,23.464773761535035,True,True
2021,II,Ranman,Early,14.05560386465128,19.39547198681367,19.344850641350618,15.264337243363771,23.6576899893324,14.280025873018076,24.496067340450374,False,False
2021,III,Ranman,Early,17.28207163507894,20.506196599145078,20.54663411225272,16.172022139590005,24.62483098800078,15.572245002560605,25.3896260528439,True,True
2021,IV,Ranman,Early,21.95950819121412,21.30712655062653,21.28746790897886,17.29081033167195,25.43014040662321,16.45991155454192,26.110644641862095,True,True
2021,V,Ranman,Early,17.438749955200343,20.7331452301079,20.76957637461463,16.50053910799136,24.879803636263688,15.756216398453875,25.585605216098074,True,True
2021,I,Revus,Early,15.677372228788855,17.27451137756584,17.262626687598477,13.200670155284833,21.305559329580795,12.298320388948651,22.19529489247589,True,True
2021,II,Revus,Early,14.65162107072115,18.437452558977753,18.343806961129236,14.400278062484087,22.88980398607572,13.408786070559604,23.503517750129866,True,True
2021,III,Revus,Early,22.70836850150182,19.586398118812067,19.60534329936528,15.193184562537887,23.863126436217605,14.44217687675409,24.71582880595237,True,True
2021,IV,Revus,Early,19.46227119326005,20.27333856121751,20.30838637330293,16.09486441860903,24.420122775936456,15.293525127128213,25.39707238592047,True,True
2021,V,Revus,Early,17.39425192412712,19.748156361374,19.848089914092768,15.525896357503484,24.064571069331798,14.70072238716495,24.75475136281897,True,True
2021,I,Ranman,Late,20.73909351924524,19.531243561417412,19.469314116397374,15.2607998163451,23.6721776605585,14.26557246316958,24.782566496830473,True,True
2021,II,Ranman,Late,24.21652328473268,20.597564782609254,20.560734824264724,16.292129685269277,24.835031598333092,15.692835998561462,25.568327177074927,True,True
2021,III,Ranman,Late,20.493901531919196,22.11238800542377,22.055654906904486,17.78951915643173,26.63195669840715,17.082739541725523,27.152477963072357,True,True
2021,IV,Ranman,Late,21.799541279577422,22.60164043248948,22.517089187918593,18.247362016500784,26.93792034136244,17.589300301201586,27.576460001818884,True,True
2021,V,Ranman,Late,24.897590244840966,22.144665987265725,22.113882199175933,18.020960417022074,26.422091934612784,17.034129768356237,27.14876473936392,True,True
2021,I,Revus,Late,17.572137035659605,18.082233019525347,18.086700298063988,13.944034015840487,22.178345577640332,13.140871831161093,23.244550966211726,True,True
2021,II,Revus,Late,18.976564494133285,19.108465949059518,19.044923271370244,14.796186477616653,23.46508500849042,14.150590922163067,24.285225807230805,True,True
2021,III,Revus,Late,21.72809241512011,20.466414581253584,20.47128689485615,16.13906849414475,24.758270747598658,15.080546204093402,25.47385772447714,True,True
2021,IV,Revus,Late,22.55371366316421,21.165279611786232,21.180327462208886,16.952308394951313,25.455000356208814,16.031759025016008,26.216585119304394,True,True
2021,V,Revus,Late,21.330729007701542,20.661606116774333,20.64344702849867,16.51822921885575,24.830749065484394,15.912174251547043,25.739193617632203,True,True
2021,I,Curzate,Early,15.923567439490435,16.638749597598892,16.563357561103235,12.62557369389065,20.62569117521925,11.79221826239344,21.41917266796124,True,True
2021,II,Curzate,Early,15.326121492406354,17.866431419204158,17.882946082348305,13.515892982716345,22.21483335915528,12.880715912075448,22.96037545463428,True,True
2021,III,Curzate,Early,22.275996049559716,19.19165661744255,19.116261268276478,15.198479115607046,23.337478242015123,14.372554951936465,24.12491781920117,True,True
2021,IV,Curzate,Early,22.380571931923456,19.858155151534277,19.883950448482928,15.521135331144098,24.080248139774078,14.712118360105803,24.947926851207395,True,True
2021,V,Curzate,Early,20.417884317431128,19.244688615024906,19.344040553008554,15.067514898012336,23.51168214095275,14.27023263484879,24.30878058429515,True,True
2021,I,Curzate,Late,17.146428199482248,18.039053670922645,18.13340288400269,13.832606831028247,22.319830686731308,12.903863048865544,23.417834506653218,True,True
2021,II,Curzate,Late,17.72625171884908,19.31461268527339,19.337410148860144,15.042873850965574,23.521687136226127,14.242033086759346,24.43815835496069,True,True
2021,III,Curzate,Late,21.85314622657342,20.642178965544336,20.586528138837703,16.5446894501119,25.103375388625555,15.660213759226252,25.786491481278926,True,True
2021,IV,Curzate,Late,20.110693672770218,21.277227898802813,21.28922912218734,17.131053094669994,25.487777718096975,16.471200256141476,26.15937791944019,True,True
2021,V,Curzate,Late,21.92418755621289,20.50815662428549,20.588049585377505,16.16966632494135,24.684127537915284,15.448522955303643,25.586233643897504,True,True
2021,I,FungiPhi,Early,24.08775622593354,18.32926905740617,18.27979259580193,14.009014628097967,22.730392132420487,13.300757902423786,23.593530969912884,False,False
2021,II,FungiPhi,Early,18.30901417335188,19.747690532351236,19.72284148197686,15.376559436430918,24.004776077857457,14.412392271486857,25.089911254483617,True,True
2021,III,FungiPhi,Early,19.79898987322333,20.97194327009456,21.035844445388864,16.541907302337957,25.115145185159207,15.630975677843004,26.033095055242153,True,True
2021,IV,FungiPhi,Early,24.29670759588632,21.57940609239655,21.696164781404875,17.308106590949066,25.794584260202388,16.482960898050674,26.68898294302657,True,True
2021,V,FungiPhi,Early,24.24871130596428,20.88356827666454,20.891675412997426,16.450301822035957,25.204105230101423,15.435594366080919,25.99177910516637,True,True
2021,I,FungiPhi,Late,19.34192337902309,19.679575318427986,19.652550501613703,15.417819433165402,24.224870606774992,14.565658024406654,25.038357571871046,True,True
2021,II,FungiPhi,Late,24.551578360667566,20.97306538427531,20.921605935351693,16.677929346324827,25.260509168415126,15.886497508747171,26.29582244900153,True,True
2021,III,FungiPhi,Late,22.793858822059946,22.2271441057043,22.250591700837873,18.00321823223057,26.41911672384042,16.827365476463378,27.552213501058105,True,True
2021,IV,FungiPhi,Late,23.974569860583525,22.90989108817405,22.939814630831194,18.419310620424216,27.25289471847001,17.63882308096448,28.233613258210283,True,True
2021,V,FungiPhi,Late,22.55371366316421,22.528317321976804,22.542618855633442,18.645548917230933,26.685350344131113,17.75245337678544,27.529030528754323,True,True
2021,I,Presidio,Early,16.941074346097416,17.881725193997028,17.836075428421616,13.775561505253409,22.10204160690797,12.87201269705978,22.80926819017913,True,True
2021,II,Presidio,Early,21.746034121190924,18.970655139484606,18.990072291603244,14.612593760651917,23.128382289363092,13.906148211723613,23.872612271975036,True,True
2021,III,Presidio,Early,17.72625171884908,20.208511098721658,20.181048165285105,16.21711751898253,24.426134921399054,15.32187711990875,24.99164080583319,True,True
2021,IV,Presidio,Early,25.284975776140264,20.986308330995314,20.97576324358432,16.76446484921092,25.087243525506526,15.65477421340156,25.90070135479802,False,True
2021,V,Presidio,Early,19.261360284258224,20.354440064223343,20.378205548280324,16.2837213487332,24.475928100081386,15.505027247479479,25.186469352591345,True,True
2021,I,Presidio,Late,12.59642806513021,19.654682250686296,19.65169249594609,15.252538695331703,24.062474813940742,14.43892942423764,24.863309161160675,False,False
2021,II,Presidio,Late,22.77674252389924,20.738017905430134,20.84483062812911,16.537730181058052,24.81830331496929,15.73973025656699,25.69008403686037,True,True
2021,III,Presidio,Late,23.86063704095094,22.134490510492647,22.125269444970442,17.900937887398864,26.329237230725067,16.925582302845633,27.081213565450547,True,True
2021,IV,Presidio,Late,18.095303258028036,22.729681970462465,22.670262199659145,18.519779728332104,27.044387523423516,17.66388474168223,28.003074963295408,False,True
2021,V,Presidio,Late,22.06558406206371,22.20207615617022,22.16966789842336,17.85495538260523,26.60394008138805,16.972944551758545,27.36106606008473,True,True
