ed50,ed90,hill
10.415848087983358,35.22886774826356,1.8031655521492582
10.998297225735127,44.74879832406554,1.5657284965900595
11.111026812207554,45.40818524169514,1.5608011182429153
10.66352614935479,45.18727463175818,1.5216380363805215
10.39017183603212,32.96854123557787,1.9028639543811976
10.66882251168195,44.533577643982966,1.5376844264064171
10.803329737001466,46.02432657359924,1.516042762693763
10.762418406006647,41.33354649989234,1.6328786258907948
10.534345762441626,38.971884521865405,1.679579087758978
10.84175018494956,45.051172719715865,1.5425673575584578
10.991532148294475,46.53812870596557,1.5225232888046625
10.948514377526998,39.30638278129441,1.7190217131615557
10.73413253720158,45.73651289822583,1.5158831250199578
10.071218695660628,38.26382678584637,1.6460790330158976
10.553415531670076,38.91890199923344,1.6836576564289738
11.63167706013851,42.3949038922259,1.6989340154071217
10.568547720483833,43.864143195698304,1.5438460618414163
11.078004207260625,39.263890059724496,1.7364645880823781
11.138094547402451,36.93919087215436,1.8326975569345845
10.517947030095174,40.8922743456802,1.618154763945987
10.588970529427371,46.78967434645982,1.4787664746855005
11.316687006485395,43.81904614548408,1.623017046015345
11.521574779932644,46.278398423275455,1.5802210331878543
11.077131852914656,44.200005673833274,1.587771128934683
10.70746682088686,43.122266603222585,1.577221650949577
10.846889785901507,44.90169449751975,1.546690824382008
11.032045392105488,39.95826836824846,1.7072036000058486
10.83317495317654,38.858835477479246,1.720180243500203
10.852550257182065,48.09578360852003,1.4758414961592643
11.048748387007707,43.809598350457264,1.5950399318930497
11.117084868757447,43.65276608639979,1.6064124920986491
10.83099215011398,38.858347738839484,1.7199258056589015
11.234670789671654,50.871584127266296,1.45482667587035
10.57366546197975,39.10798507426228,1.6798864857680724
10.635717674979658,38.34989949982132,1.71319014874783
10.822949994455112,39.405903490399204,1.7003134725363367
10.83616297454234,35.255382140368425,1.8624820900789816
11.719061836029361,45.18187832268414,1.628201702233341
11.289573367204781,42.9611648150241,1.6441160346120312
11.015520813780501,41.925183735738884,1.6439137414018132
10.91207406146709,50.0830791477469,1.4419250355026985
10.517895865081835,33.34953788681588,1.9040639584541663
11.027303062705318,40.887085358003276,1.676707554947244
11.52622436829322,39.26791121194995,1.7925071831662716
11.42217526613538,40.001034426568964,1.7530832923836868
11.151523087105558,41.618450940765264,1.6683969466979098
10.951682374544717,41.53452451262858,1.6482910563326787
10.93433878983118,43.85633120677911,1.5818627245784647
11.113683443949094,41.47270601917096,1.6685351459666882
10.849762715724548,41.71638873788174,1.6315004118737138
10.275054194413443,42.594015194950885,1.545170700024487
11.137974091241698,38.7709988373023,1.7615675175273529
10.711361090354037,44.14146157229013,1.5516086670155396
10.929880792817588,41.787492424188436,1.6383789615723923
11.21979301656995,41.02291366109421,1.6947991255719617
11.266291431790972,52.89807965665541,1.4207248259997551
11.071939184754978,47.15474488937687,1.5163513738219323
11.115363788111248,37.56978532332664,1.8041508577048166
10.659305510992723,42.899383140572176,1.5779850781447402
11.426047075135113,38.404989369018104,1.812455196916727
11.250986591116899,41.785099539974965,1.6746066596188158
11.16395988924782,44.069987860261705,1.6002063439044987
10.917012629371557,40.101078907951056,1.688768637798925
10.729308933907944,41.98600347924399,1.610446763773545
10.614950381928772,36.53070532190355,1.7778484017290745
10.329491029539247,38.614444019458944,1.666301833344286
10.428494391286579,42.521103809006895,1.5633506137278992
11.138241469919778,42.96281058244721,1.6276334329951194
10.620684451379915,36.66282455064221,1.7734429603173878
11.003533006932186,43.239194538825465,1.6055351611176558
10.606846683830558,40.95625392267821,1.6263632486940882
10.851251989831894,38.75804765622314,1.7259423065476496
11.560474935987312,41.125006107411764,1.7314281417253126
10.205409771566243,43.32052711462619,1.5198253062449665
10.851351500413207,41.80666782089833,1.6290625919717556
10.962147324389713,36.29465807340355,1.8352685407412974
11.101822500770579,39.15459867105455,1.7432637219948213
10.606916593319864,41.05639022055017,1.6234367680768798
10.92703553288324,39.358354485885506,1.7146149544743874
10.724056372565672,38.82086176681909,1.7079508124564096
11.188964065863466,43.391658418153476,1.6211620303046443
10.927734319523452,42.92849215943097,1.6058862461183425
10.674938826989205,44.48288707888491,1.5395289805921384
10.957948880586889,41.72214389294207,1.643439773997246
10.784540526455878,40.23525142651399,1.6688248406924162
10.638273397899782,45.18023513682653,1.5193073357506017
10.76346429703353,45.49547293983388,1.5243098301280897
10.579792789364129,43.047031558355165,1.5657024939413198
11.135981999437261,44.624530894577596,1.5828982281599042
10.782548983642602,39.172606648338544,1.703210566506689
10.502595589535758,38.583749118195875,1.688602669676347
11.633804874055892,51.18517398604132,1.4830731676275857
11.360057440031536,42.67752440281818,1.6600756424010579
10.637025376372485,41.369695864370584,1.61773820758212
10.57911732189361,40.579419086112125,1.634378799782656
10.740130188892007,47.08795401806143,1.4865899685652
10.972049459295384,39.465032371194305,1.716495953258419
10.817276533700975,39.363621611771606,1.7010364269668488
10.924350089500528,43.50783484633069,1.589948763035301
10.8699492690757,39.26952702007892,1.7106388479393118
11.133722748786083,40.750586339076264,1.6934402576265875
10.840424502518005,45.16946228352614,1.5396008656626567
10.58493456066759,39.70628263519194,1.6619481350792464
11.073489570597621,39.59755406323799,1.7243771987587726
10.90732700055839,45.66565142271933,1.5344693876068318
11.173881364005133,43.144016258527,1.626411538094355
11.22602701254278,46.7890475010115,1.5393041058671866
10.527528662449285,41.72940445243607,1.5954144374704768
10.665346390158057,41.711600108416384,1.611128979868441
10.113354593990492,36.241103738352294,1.7215079715141008
10.961175527823842,40.706379139031576,1.674681581555208
11.1245702109883,36.53034143822606,1.8479803314355456
10.376653937050065,38.78650926717469,1.6664400587412462
11.083983482685529,47.89253267719573,1.5013918298386513
11.022923183675012,42.76476830454489,1.6206857709312847
11.01926926517498,47.302840078040255,1.5081248586037468
10.477018639580786,38.77251383053335,1.6791582080071747
11.407625803656954,42.804690954738575,1.6615862639100996
10.912146256193571,38.52499397445411,1.7418511706980913
10.842243890553455,44.060958616832835,1.567068522564819
10.489147597926397,42.93884456604767,1.558939184546921
11.175353920070371,46.187278312803855,1.5484386930919456
10.935276549626673,40.418951953917244,1.6807285588157355
10.794261377558522,41.23766197779954,1.6393071621228574
11.095593292136865,40.448573650985864,1.6986879450889447
11.033602747629375,40.65252382444411,1.6848389287149255
10.856884982836377,44.89839437202837,1.5477744163143343
10.6883596449311,43.821405249234076,1.5572471677121114
11.429308868670043,47.33861494541914,1.5460942106891278
11.11174074960685,40.660345263775966,1.6937543580682968
11.300888002881779,43.18794413024445,1.638888063544552
11.30891901623399,41.89519160245673,1.6778094212570882
11.315964442655636,42.65548540456006,1.6558565652543993
11.12767971576965,38.47436105926026,1.7711605666090902
10.810329787972316,43.76618362373681,1.5712875444214947
11.425112522212869,46.04290881444334,1.5764727172284099
11.564335389109795,46.83731010464457,1.5708438599779448
11.045377129356286,41.649472075412675,1.6554382045385025
10.766627400355107,39.388344624013,1.6940578045555643
10.549639832938606,42.074380682029,1.5883390793118302
10.714262470529645,44.96291822419455,1.5319544782921124
11.543768443090373,41.09395699308115,1.730485998867476
11.296238275507692,42.88289874238384,1.6470907599024915
10.978693647422583,43.088911201267436,1.6069697543398003
11.043529079573872,45.716716984450144,1.5466666255219104
10.895402833601949,40.01279983979244,1.6890573801107132
10.28378320254582,41.6584245082121,1.5706404763237132
11.050700503465254,39.006225565835365,1.742131911988687
10.826816536410927,40.2469047216455,1.6734294078081584
11.288258914021986,47.89082418607698,1.5204014796785525
10.95925743597592,43.94171012369557,1.582240281292092
11.066428113733872,38.594873453891225,1.7589005394725898
11.040921694043492,49.79659976076235,1.458652915398087
10.96070535157541,45.08086061126475,1.5537519628718754
10.550780455685231,40.51456896580956,1.6330635121121073
11.166396774740004,41.843550112303724,1.66326787719676
10.62932906549352,42.155812750956926,1.594785551309925
10.387110961955619,37.26583530134722,1.7199258061433909
10.499455567825288,44.32919962697933,1.5255111986675014
11.173074064440437,44.55445326828601,1.5885021069875
10.773652280018167,37.26480691016561,1.7706047654649713
10.808581496356956,45.396102115578856,1.531075362250516
11.112782384840981,49.337441881696655,1.4740663961849125
11.486024144134152,45.403686136515816,1.5986066651715172
11.051130360089385,41.55690591877452,1.6588698807718973
11.129678831995632,47.41897632081879,1.515947072320517
10.905954967037601,40.83027767874238,1.6644191446248613
10.745304976952012,38.613409178930596,1.717748305298318
10.874710687585104,42.51366527477712,1.6115944002744447
11.261620932310098,41.97963350973128,1.6698976040058486
10.621918118659552,43.27084318193152,1.5643514504952398
11.121739455548406,39.19893830191757,1.74417792079857
10.474201994275258,38.555921160143676,1.6860297821821102
11.048751948809832,36.70981751095771,1.82991223956553
11.015520466408942,37.88168678876355,1.778895050353035
10.873021638952249,40.034420756567435,1.6856927499393222
10.714339993076043,45.72006418122746,1.5143307478776065
11.364735986023048,39.25597951147657,1.7725434595616567
11.121185913673097,35.65018755650147,1.886187572879796
11.017510941769261,41.7496644970761,1.6493135406425017
11.565301531548439,42.396003038835644,1.6914156538094902
11.036177347144498,43.404503389631955,1.6045344594425894
11.712655838508349,39.771616038001554,1.7973449171954912
11.232257868505014,42.248249640582316,1.658566697915009
10.92764403778055,40.22067450741574,1.68617078657673
10.988493773830529,43.24146083952759,1.603870840681715
11.037633001335353,38.682292023997746,1.7520730770603004
11.803337245276323,44.31988163357638,1.6607254542662044
10.831030094804223,49.17828979612213,1.452194788424057
10.639040271579994,37.33559728058558,1.750195097007953
10.717674033800497,42.045195698879155,1.6075085179964268
10.650734090181814,40.857775504215546,1.6342702407087282
11.476416713128513,43.2461725637881,1.6562645263484923
11.212750372341834,43.13641060288823,1.6308162136224351
10.837446645925695,37.26289602798547,1.7791426560975256
10.402935885921657,42.7525554320661,1.5546317005603092
11.233279155217998,42.44301055605383,1.6529414879357653
10.531707208846122,41.36944384549317,1.6059797620374026
10.70010646731499,37.48708316712729,1.752532253449404
11.096736023991008,40.97626158174557,1.6819674675380052
10.870589554278938,47.90887212725581,1.4813684327127168
10.364778338954665,40.332009396504226,1.6171139429270915
11.083485861311857,38.128540758157236,1.7783993304071342
10.759971864331742,43.28903867651081,1.5783905108701202
10.981580437947523,35.704239444266754,1.8635549355475538
10.786682877884203,45.14241400489385,1.5348999774983525
10.897512864754946,39.5606119155025,1.7042004332371528
11.168320238689052,41.33304294219488,1.679089429856689
11.1149182529477,42.975195227219636,1.6247636403974057
10.801013021907721,49.49983920186431,1.4433304927377826
10.607274363632605,47.05263046630796,1.4749178555033056
10.511057668767052,38.26109473621309,1.7006306329202667
10.590959630330937,38.75224910856586,1.6938366201241286
10.833322761021707,37.35750295850796,1.7749513232744838
10.57982675743768,38.333849079400764,1.7067356469845574
11.28344956020564,42.544744138739865,1.6555097971917025
10.640678824796442,45.38902618702651,1.5147150566181817
11.018456452377922,40.239380988134116,1.696339053078509
11.231379644092117,47.185545867524525,1.5307658607960748
10.396932175389434,34.89235571977331,1.8147527472717502
10.887436778771667,37.53848676235805,1.7751660859280993
10.789344152889177,44.225519572371475,1.557494587593213
11.058296176188207,44.097255806188805,1.5884891358742386
11.027067336277149,39.91841479192539,1.7079288746463166
11.017832184163625,37.338662757917305,1.8002449088295074
11.11790719489586,41.24849118268337,1.6759178259831364
10.696647565982204,45.31803885694612,1.521861031196474
10.741423261311443,40.90684609144282,1.643165779125491
10.460232445793464,43.89190898066855,1.5320751833788528
10.913224390880382,43.19862293048856,1.597013642219978
11.078329379604769,40.91575319937272,1.6817327035841265
10.96014534620731,40.35868919560323,1.6855812618905053
10.576490469645087,40.22410387352575,1.644835078180371
11.036398287392926,41.30718651292885,1.6647687055072007
11.052549581980204,42.62278526524555,1.6279019425040682
11.057854220587188,38.87744070913964,1.747611099477697
11.086523070363372,48.16521197805535,1.4958230165632573
10.540305463731862,44.47348379799311,1.526182538743848
11.815579570881242,44.21513208448512,1.6650079218506668
11.006576668151299,43.440222543760335,1.600434160935184
11.218120411475226,42.47470453961968,1.6503382249657492
10.808886154350235,41.45011814366826,1.6346911530459696
10.156336751737259,42.334461169059075,1.5392077116986769
10.610583877604563,36.71655557525917,1.7699915030883764
11.117600145932203,41.83902728589948,1.6579071748359973
10.89540994662847,43.563584592488645,1.5854363955134971
11.19509205554239,41.55514110914991,1.6752938564946023
10.989420044874977,41.91650679303307,1.6412548843807084
11.137011195102398,45.26558759085399,1.5669019431198732
11.413437159605364,45.92928607791112,1.5781126762039839
11.161076611379452,42.2150471238794,1.6516209937356727
10.794984814530805,36.72632535535008,1.7945138590107506
10.379661363291213,38.82827190016387,1.665446779126232
10.886495158149485,40.28199523874416,1.679345422665593
11.225915171110072,39.93146569373977,1.7315437719798101
10.535347106463758,42.40578765750816,1.5778437949492765
10.68850624931362,39.741062497320456,1.6731631293771283
10.653329466732815,39.51732352486227,1.6761617457668567
11.359171416318286,41.63649339283691,1.6915369688099413
10.740061752223458,45.18105555889259,1.5293583290282475
11.328444076414415,44.028950922851514,1.6185450905900063
10.943961483041567,48.20169255021743,1.4820013822748057
10.779954898349093,38.768825482690914,1.7166781634829993
11.56090730985118,44.004094187634294,1.64382530946179
10.74087559709244,41.11373847203262,1.6369276231005312
10.756957648985876,36.362846701066076,1.803968781655039
10.788249210756927,47.370735129375575,1.4850656210011903
11.20554782021344,47.302053523376614,1.5256970761322832
10.762774409557977,41.134518974257524,1.6387973615618057
11.21591949835742,41.54514356383322,1.677979673954205
11.131599708459271,44.48467333281103,1.586035118269922
11.371851779966093,49.23154353152408,1.4994093716404686
10.782025856397816,38.18941163478317,1.737378914276969
10.961043517197057,43.00514982880553,1.6073657403333863
10.695316790245226,38.66953316747003,1.7095750200716873
10.76522350620459,41.36807626297089,1.63218185078622
10.772014066503623,37.8415304875445,1.7487481347985765
11.055534923136609,39.45308658797818,1.7271319348274607
10.72290219675231,44.33105093695056,1.5481005739448415
10.510372871368997,37.81345594573121,1.7161763151920038
10.781069645316766,40.86697023949608,1.6489114351234955
11.261212432295759,45.10271306163249,1.5834961391873863
11.03089707297233,42.67536511160778,1.624058979716574
10.645870499975674,36.816068858722375,1.7708666024250803
10.894439324985647,46.05783912894214,1.5241088169864094
11.038735798133501,51.02021419338513,1.435333310835147
10.858278998343241,39.623317560188525,1.6973670526166804
10.949637660682779,44.52035601670228,1.566491993782495
10.576957357132866,40.497100444495786,1.6366022568707193
10.657598367451584,36.845566978732414,1.7712950500465436
10.593976582095996,37.117898096878726,1.7524330738871696
10.83435822361466,41.07116910078893,1.6488450936318297
10.74424768976747,47.04692291471514,1.487853363229909
11.291300201913055,46.96537074830741,1.5415030779643986
11.093199178141647,43.4094075195012,1.6104623635554265
10.819985445700835,37.721267576115224,1.7594277054232674
11.279056215481063,45.84936462790687,1.5667448713375827
11.112376756973154,44.33975686853901,1.5877939814852364
11.167908271822336,48.64143096716604,1.493256627804737
10.918859034183573,47.47570890385329,1.4949885345913894
